[{"assetType":"Application","assetObject":{"name":"tanpaapi","id":"fe33ab1e-8f19-461a-a6ab-c5a7cddd263b","status":"Success","explanation":"OK","warning":false}},{"assetType":"PassmanData","assetObject":{"name":"API_ACCESS_KEYfe33ab1e-8f19-461a-a6ab-c5a7cddd263b","id":"API_ACCESS_KEYfe33ab1e-8f19-461a-a6ab-c5a7cddd263b","status":"Success","explanation":"OK","warning":false}},{"assetType":"RegisteredApplication","assetObject":{"name":"RegisteredApplication [ tanpaapi ]","id":"fe33ab1e-8f19-461a-a6ab-c5a7cddd263b","status":"Success","explanation":"OK","warning":false}}]