[{"assetType":"Strategy","assetObject":{"name":"oauthtanpaapi1","id":"3960e4a4-7d78-4bd7-84db-c8344d7f79d7","status":"Success","explanation":"OK","warning":false}},{"assetType":"RegisteredApplication","assetObject":{"name":"RegisteredApplication [ tanpaapi ]","id":"fe33ab1e-8f19-461a-a6ab-c5a7cddd263b","status":"Success","explanation":"OK","warning":false}},{"assetType":"PassmanData","assetObject":{"name":"API_ACCESS_KEYfe33ab1e-8f19-461a-a6ab-c5a7cddd263b","id":"API_ACCESS_KEYfe33ab1e-8f19-461a-a6ab-c5a7cddd263b","status":"Success","explanation":"OK","warning":false}},{"assetType":"Application","assetObject":{"name":"tanpaapi","id":"fe33ab1e-8f19-461a-a6ab-c5a7cddd263b","status":"Success","explanation":"OK","warning":false}},{"assetType":"PassmanData","assetObject":{"name":"d26b8191-002d-41fd-a9dc-8f33f433569f-clientSecret","id":"d26b8191-002d-41fd-a9dc-8f33f433569f-clientSecret","status":"Success","explanation":"OK","warning":false}}]